randomid,AdmissionDate,DischargeDate,Notes,age,sex,los,lestrength,lestrengthdc,cognition,cognitiondc,mobilityadm,mobilitydc
1,4/13/2025,5/2/2025,Community ambulation goals achieved,86,0,19,29,36,22,23,15,46
2,12/15/2025,12/31/2025,,74,1,16,29,43,23,24,15,51
3,9/28/2025,10/10/2025,,78,0,12,78,92,25,26,41,84
4,4/17/2025,5/15/2025,,87,0,28,101,102,18,19,17,21
5,3/13/2025,3/27/2025,,90,0,14,74,88,19,20,34,78
6,7/8/2025,7/30/2025,,66,1,22,67,78,22,24,22,55
7,1/21/2025,1/31/2025,,61,0,10,79,96,20,22,33,81
8,4/13/2025,4/25/2025,Discharged with home health services,95,0,12,120,135,16,19,39,89
9,5/2/2025,5/14/2025,,90,1,12,80,87,20,23,27,49
10,8/3/2025,8/24/2025,,78,0,21,68,76,14,16,15,42
11,11/27/2025,12/12/2025,,89,0,15,73,88,28,30,29,82
12,3/29/2025,4/13/2025,,82,1,15,22,27,23,24,15,18
13,4/10/2025,4/22/2025,,81,0,12,53,60,15,16,24,52
14,12/26/2025,1/12/2026,,74,0,17,60,77,17,19,25,78
15,6/1/2025,6/15/2025,,58,1,14,69,76,22,24,43,64
16,5/11/2025,5/22/2025,,66,0,11,81,92,21,24,39,70
17,5/30/2025,6/21/2025,,50,1,22,99,109,22,25,49,84
18,11/5/2025,11/17/2025,,71,0,12,73,83,18,18,29,63
19,9/15/2025,9/28/2025,,82,0,13,78,92,26,28,41,84
20,12/10/2025,12/20/2025,,68,0,10,59,63,12,14,23,34
21,10/21/2025,11/9/2025,Follow-up with neurology arranged,90,1,19,98,112,15,18,27,74
22,7/11/2025,7/21/2025,,62,1,10,66,77,16,18,31,70
23,10/4/2025,10/19/2025,,52,1,15,98,112,13,16,43,80
24,6/10/2025,6/22/2025,,86,0,12,67,80,24,24,30,74
25,11/10/2025,11/27/2025,,72,1,17,82,86,13,17,32,54
26,1/22/2025,2/2/2025,,66,1,11,76,93,17,20,35,82
27,9/10/2025,9/26/2025,,56,1,16,83,97,20,23,29,75
28,8/24/2025,9/11/2025,,62,1,18,95,103,17,19,53,86
29,12/11/2025,12/28/2025,,75,0,17,83,88,21,23,15,23
30,2/18/2025,3/4/2025,,86,0,14,38,45,22,25,15,32
31,2/28/2025,3/17/2025,,69,0,17,81,89,25,29,41,71
32,6/19/2025,7/2/2025,,49,1,13,57,64,10,12,26,47
33,7/7/2025,7/21/2025,,78,0,14,63,65,26,29,26,17
34,9/28/2025,10/9/2025,,69,0,11,94,105,18,20,40,82
35,7/9/2025,7/27/2025,,64,0,18,68,80,26,28,24,69
36,6/24/2025,7/6/2025,,88,0,12,75,86,27,28,28,69
37,2/20/2025,3/8/2025,,37,1,16,12,13,20,21,15,19
38,12/30/2025,1/17/2026,,62,0,18,79,84,26,28,34,35
39,2/24/2025,3/10/2025,,76,0,14,53,73,19,22,22,81
40,9/1/2025,9/12/2025,,43,1,11,59,72,18,19,33,73
41,11/16/2025,11/27/2025,,83,0,11,111,122,18,20,36,73
42,5/11/2025,5/28/2025,,59,1,17,60,64,19,21,32,51
43,11/3/2025,11/19/2025,,54,0,16,73,89,15,16,26,79
44,5/15/2025,5/27/2025,,64,1,12,51,60,27,28,29,61
45,1/21/2025,2/5/2025,,72,1,15,98,111,18,20,43,82
46,11/25/2025,12/5/2025,,53,0,10,68,78,9,11,34,62
47,6/16/2025,6/27/2025,,52,0,11,77,88,25,28,41,78
48,10/1/2025,10/16/2025,,64,1,15,70,85,16,17,32,78
49,3/30/2025,4/20/2025,,57,1,21,63,76,18,21,30,69
50,11/12/2025,11/27/2025,,75,0,15,82,83,18,18,41,45
51,1/14/2025,1/24/2025,,78,0,10,69,82,24,27,36,88
52,8/30/2025,9/13/2025,,63,0,14,90,107,24,24,36,85
53,9/22/2025,10/6/2025,,66,0,14,57,72,24,25,20,70
54,12/12/2025,12/23/2025,,60,1,11,66,81,24,25,35,83
55,2/22/2025,3/16/2025,,60,1,22,55,63,13,15,31,52
56,12/6/2025,12/24/2025,,78,0,18,93,106,24,28,29,71
57,4/2/2025,4/24/2025,,58,1,22,57,66,21,24,23,55
58,9/21/2025,10/6/2025,,60,1,15,75,82,30,30,49,83
59,2/4/2025,2/18/2025,,71,0,14,100,113,20,20,31,84
60,7/25/2025,8/10/2025,,72,0,16,54,65,26,30,17,56
61,3/22/2025,4/7/2025,,83,1,16,36,39,18,19,20,17
62,2/19/2025,3/2/2025,,71,0,11,76,86,23,26,27,61
63,12/26/2025,1/5/2026,,76,1,10,87,101,20,22,39,83
64,1/2/2025,1/21/2025,,75,0,19,59,70,17,18,26,59
65,2/23/2025,3/5/2025,,68,1,10,63,73,18,19,36,66
66,4/16/2025,5/4/2025,,88,1,18,81,89,23,25,28,55
67,9/17/2025,10/2/2025,,80,1,15,65,76,21,24,36,62
68,11/6/2025,11/26/2025,,70,0,20,60,66,24,26,24,44
69,7/10/2025,7/23/2025,,61,1,13,57,68,23,23,30,69
70,8/6/2025,8/15/2025,,78,0,9,58,70,25,26,23,65
71,2/13/2025,2/24/2025,,63,0,11,23,30,20,22,16,49
72,6/11/2025,6/27/2025,,55,0,16,90,98,20,23,31,65
73,7/21/2025,8/15/2025,,73,1,25,67,72,14,18,15,22
74,9/27/2025,10/14/2025,,76,1,17,71,76,22,23,28,51
75,12/17/2025,12/29/2025,,55,0,12,50,61,22,24,27,66
76,10/31/2025,11/11/2025,,66,0,11,106,111,16,18,62,83
77,9/28/2025,10/15/2025,,87,1,17,62,67,20,21,38,56
78,8/3/2025,8/18/2025,,79,0,15,114,126,21,22,50,85
79,9/9/2025,9/25/2025,,87,0,16,72,79,18,20,31,57
80,7/9/2025,7/26/2025,,70,0,17,96,109,27,30,39,83
81,10/23/2025,11/15/2025,,70,0,23,53,55,18,20,15,24
82,8/1/2025,8/15/2025,,82,1,14,127,138,20,20,55,89
83,7/27/2025,8/11/2025,,81,0,15,74,82,26,28,29,58
84,8/25/2025,9/6/2025,,48,0,12,69,83,21,22,36,77
85,12/4/2025,12/17/2025,,66,0,13,61,73,20,23,20,65
86,2/22/2025,3/7/2025,,68,0,13,106,120,16,17,44,81
87,10/7/2025,10/18/2025,,69,0,11,72,85,23,23,33,68
88,8/5/2025,8/18/2025,,76,1,13,65,78,22,25,21,67
89,9/9/2025,9/17/2025,,47,1,8,65,79,19,20,32,73
90,7/7/2025,7/26/2025,,82,0,19,43,48,18,22,15,16
91,2/10/2025,2/24/2025,Excellent participation in therapy,73,0,14,73,74,30,30,32,42
92,6/6/2025,6/19/2025,,65,1,13,67,77,23,25,40,67
93,1/15/2025,1/25/2025,,75,0,10,46,54,16,16,23,49
94,10/28/2025,11/14/2025,,84,0,17,88,102,21,22,37,77
95,3/6/2025,3/21/2025,,69,0,15,51,61,21,21,16,54
96,12/11/2025,12/26/2025,,80,0,15,43,46,18,18,21,19
97,11/23/2025,12/8/2025,,75,1,15,91,101,22,24,35,72
98,1/9/2025,1/20/2025,,73,0,11,84,96,23,25,38,73
99,12/10/2025,12/21/2025,,71,1,11,39,46,19,22,23,48
100,5/9/2025,5/24/2025,,79,0,15,41,49,17,18,24,58
101,5/16/2025,5/29/2025,,73,0,13,71,84,28,30,34,83
102,3/4/2025,3/18/2025,,78,1,14,86,97,24,26,29,61
103,5/19/2025,6/3/2025,,87,0,15,73,83,30,30,27,55
104,3/22/2025,4/3/2025,,70,1,12,63,67,28,30,38,63
105,6/12/2025,6/23/2025,,56,1,11,39,53,18,18,28,72
106,10/16/2025,11/1/2025,,79,0,16,87,94,20,21,39,71
107,9/18/2025,10/1/2025,,68,1,13,63,72,19,20,33,66
108,8/19/2025,9/5/2025,,61,0,17,65,75,23,27,23,67
109,2/10/2025,2/28/2025,,93,0,18,91,107,16,20,28,86
110,1/28/2025,2/15/2025,,73,1,18,57,61,19,21,25,47
111,5/15/2025,6/4/2025,,104,0,20,66,76,23,25,16,49
112,7/20/2025,8/3/2025,,66,0,14,66,70,18,18,23,42
113,11/24/2025,12/3/2025,,64,1,9,77,88,26,29,52,81
114,9/25/2025,10/11/2025,,61,0,16,55,61,17,20,24,39
115,2/2/2025,2/17/2025,,64,0,15,100,112,25,25,50,88
116,2/17/2025,3/2/2025,,64,1,13,102,112,19,20,45,89
117,3/3/2025,3/21/2025,,50,0,18,58,65,18,22,20,44
118,8/4/2025,8/17/2025,,61,1,13,48,67,22,24,29,87
119,10/20/2025,10/29/2025,,62,0,9,78,89,15,17,30,57
120,4/9/2025,4/22/2025,,90,1,13,48,52,19,19,21,37
121,6/21/2025,7/6/2025,,69,1,15,93,105,19,22,41,84
122,12/26/2025,1/11/2026,,58,1,16,49,62,19,23,15,53
123,8/2/2025,8/17/2025,,62,1,15,66,73,25,26,28,60
124,2/4/2025,2/21/2025,,75,1,17,54,64,18,22,29,55
125,8/15/2025,8/31/2025,,55,0,16,54,61,11,15,21,41
126,4/11/2025,4/23/2025,,82,1,12,45,60,23,23,16,70
127,5/11/2025,5/23/2025,,92,1,12,68,76,9,12,37,70
128,9/14/2025,9/23/2025,,62,0,9,82,96,20,22,47,88
129,1/5/2025,1/18/2025,,75,1,13,120,134,16,16,38,81
130,8/6/2025,8/21/2025,,82,0,15,65,68,18,18,15,20
131,9/12/2025,9/22/2025,,67,1,10,102,112,16,17,46,75
132,12/25/2025,1/6/2026,,65,1,12,82,92,21,24,40,77
133,10/10/2025,10/26/2025,,61,0,16,86,102,21,23,32,81
134,7/26/2025,8/9/2025,,64,0,14,97,112,16,18,37,89
135,1/15/2025,2/5/2025,,61,1,21,87,101,22,23,30,65
136,12/12/2025,12/30/2025,Discharge delayed briefly for equipment delivery,54,1,18,81,97,18,19,36,83
137,2/11/2025,3/1/2025,,66,0,18,79,87,16,17,38,63
138,6/28/2025,7/12/2025,,68,0,14,76,86,26,28,27,66
139,3/4/2025,3/20/2025,,61,0,16,77,88,15,18,31,62
140,12/18/2025,1/1/2026,,55,0,14,55,66,21,22,20,51
141,8/19/2025,9/3/2025,,79,1,15,65,67,18,19,39,45
142,8/29/2025,9/9/2025,,67,1,11,95,106,22,23,46,81
143,2/21/2025,3/4/2025,,65,0,11,71,79,26,29,38,71
144,4/6/2025,4/20/2025,,70,0,14,72,83,19,19,27,55
145,8/10/2025,8/28/2025,,66,0,18,57,63,17,18,26,48
146,8/19/2025,8/29/2025,,50,0,10,37,48,23,24,32,58
147,8/25/2025,9/8/2025,,69,1,14,71,77,13,13,42,63
148,5/23/2025,5/30/2025,,55,0,7,106,118,27,28,49,85
149,6/20/2025,7/17/2025,,61,0,27,56,61,22,26,19,35
150,1/29/2025,2/14/2025,,72,0,16,106,119,13,17,33,70
151,2/5/2025,2/19/2025,,51,1,14,53,60,20,22,41,73
152,1/13/2025,1/26/2025,,79,0,13,29,31,18,21,15,19
153,6/9/2025,6/26/2025,,60,0,17,68,73,17,19,23,42
154,11/23/2025,12/11/2025,,83,0,18,92,102,21,25,29,57
155,7/6/2025,7/29/2025,,98,0,23,55,59,25,28,15,33
156,8/31/2025,9/22/2025,,53,0,22,35,40,22,23,15,20
157,3/27/2025,4/10/2025,,58,1,14,74,85,17,18,20,53
158,10/11/2025,10/24/2025,,77,1,13,68,79,24,24,35,75
159,3/7/2025,3/22/2025,,61,0,15,59,66,20,22,15,42
160,6/19/2025,7/13/2025,,65,0,24,80,82,12,15,28,39
161,2/14/2025,3/2/2025,,59,0,16,30,33,23,26,15,15
162,3/3/2025,3/13/2025,,79,0,10,108,119,20,20,50,90
163,5/14/2025,5/20/2025,,60,0,6,74,79,25,25,37,58
164,10/11/2025,10/25/2025,,62,1,14,55,60,23,23,25,33
165,1/28/2025,2/11/2025,,69,0,14,40,54,19,19,19,57
166,4/18/2025,4/30/2025,,83,1,12,91,108,19,21,38,87
167,2/13/2025,2/28/2025,,94,0,15,62,65,24,26,22,26
168,12/6/2025,12/27/2025,,78,0,21,49,54,21,23,15,20
169,10/13/2025,11/1/2025,Family training completed prior to discharge,64,1,19,81,91,18,20,15,52
170,11/27/2025,12/15/2025,,63,1,18,66,79,13,14,35,78
171,5/8/2025,5/27/2025,,50,0,19,82,95,26,30,30,76
172,12/14/2025,12/31/2025,,68,0,17,112,116,21,25,58,81
173,8/19/2025,9/3/2025,,74,0,15,54,59,20,22,22,31
174,7/9/2025,8/8/2025,,54,0,30,59,63,19,22,15,26
175,8/13/2025,8/29/2025,Medication education completed,55,1,16,89,102,25,28,42,85
176,10/10/2025,10/28/2025,,62,0,18,67,80,11,13,33,70
177,5/1/2025,5/19/2025,,93,0,18,65,74,18,20,20,54
178,4/26/2025,5/20/2025,,60,0,24,66,74,24,27,27,44
179,8/21/2025,9/5/2025,,48,1,15,83,93,21,23,55,86
180,9/16/2025,10/3/2025,,95,0,17,26,29,23,26,15,21
181,12/25/2025,1/15/2026,,77,1,21,56,58,22,26,15,24
182,7/17/2025,7/27/2025,,49,1,10,22,27,23,24,15,40
183,5/17/2025,5/30/2025,,86,0,13,63,75,21,24,29,65
184,11/14/2025,12/2/2025,,72,0,18,62,74,19,23,18,59
185,6/14/2025,6/27/2025,,49,0,13,80,94,18,20,37,77
186,8/13/2025,8/24/2025,,87,0,11,74,91,23,25,35,82
187,11/3/2025,11/16/2025,,79,0,13,44,49,8,8,21,44
188,8/22/2025,9/11/2025,,49,0,20,73,86,24,25,34,72
189,6/21/2025,7/7/2025,,68,0,16,86,97,27,30,39,76
190,6/1/2025,6/15/2025,,60,0,14,81,94,24,25,43,82
191,11/11/2025,11/27/2025,,78,0,16,35,39,23,26,15,16
192,6/9/2025,6/17/2025,,76,0,8,70,84,21,23,41,78
193,4/6/2025,4/19/2025,,72,1,13,101,111,21,24,51,89
194,8/21/2025,9/4/2025,,85,1,14,83,93,20,20,31,66
195,6/29/2025,7/19/2025,,83,1,20,55,58,17,19,20,31
196,4/23/2025,5/6/2025,,56,1,13,38,46,18,18,33,56
197,11/14/2025,12/3/2025,,72,1,19,50,54,22,23,15,17
198,2/21/2025,3/3/2025,,72,1,10,73,83,25,25,40,77
199,9/25/2025,10/6/2025,,63,1,11,91,104,20,20,42,81
200,10/22/2025,11/8/2025,,73,0,17,81,88,22,25,36,66
201,4/23/2025,5/13/2025,,63,0,20,81,88,22,25,23,50
202,4/11/2025,4/26/2025,,79,1,15,73,77,19,19,29,54
203,4/23/2025,5/9/2025,,61,0,16,65,76,21,23,25,55
204,3/22/2025,4/5/2025,No adverse events during rehabilitation,54,0,14,81,92,16,19,19,54
205,7/6/2025,7/14/2025,,59,0,8,44,57,18,19,27,64
206,4/23/2025,5/5/2025,,69,0,12,81,95,13,14,42,78
207,1/2/2025,1/17/2025,,54,0,15,56,70,20,21,15,53
208,5/10/2025,5/29/2025,,47,0,19,96,110,21,22,42,79
209,8/8/2025,8/22/2025,,63,0,14,59,64,13,15,25,30
210,2/23/2025,3/8/2025,,63,0,13,85,99,21,22,43,81
211,12/9/2025,12/29/2025,Stair training successfully completed,56,1,20,108,123,16,17,39,85
212,8/12/2025,8/28/2025,,74,0,16,65,69,18,20,25,38
213,8/13/2025,8/28/2025,,74,0,15,53,61,14,15,19,36
214,5/6/2025,5/15/2025,,66,1,9,66,79,20,20,35,73
215,5/10/2025,5/17/2025,,49,0,7,63,78,21,23,30,78
216,2/22/2025,3/11/2025,,77,0,17,65,68,25,28,22,27
217,6/21/2025,7/10/2025,,91,1,19,64,74,21,25,25,56
218,8/6/2025,8/15/2025,,65,1,9,89,99,23,23,45,83
219,6/9/2025,6/20/2025,,74,1,11,35,37,17,20,15,21
220,7/17/2025,7/30/2025,,45,1,13,46,59,22,25,25,72
221,9/4/2025,9/17/2025,Transitioned to outpatient rehabilitation,87,1,13,70,74,21,24,24,43
222,11/20/2025,12/4/2025,,74,0,14,44,51,8,10,21,52
223,7/22/2025,8/7/2025,,66,1,16,99,110,19,20,43,76
224,7/3/2025,7/16/2025,,55,0,13,46,61,21,24,15,62
225,5/3/2025,5/22/2025,,73,0,19,78,82,22,23,26,51
226,9/12/2025,9/25/2025,,86,1,13,44,47,17,17,18,31
227,10/21/2025,11/1/2025,,64,0,11,104,120,16,18,34,83
228,10/7/2025,10/18/2025,,72,1,11,88,99,15,18,37,77
229,11/21/2025,12/1/2025,,93,0,10,99,115,17,20,42,90
230,4/8/2025,4/19/2025,,49,1,11,85,101,21,21,40,89
231,7/17/2025,7/31/2025,,85,1,14,72,83,21,22,33,62
232,8/28/2025,9/13/2025,,70,1,16,61,63,18,21,25,27
233,5/24/2025,6/9/2025,Balance deficits remained mildly impaired,63,0,16,16,29,19,22,15,52
234,4/7/2025,4/20/2025,,79,1,13,56,66,21,23,34,62
235,7/20/2025,8/3/2025,,60,1,14,81,89,23,25,40,70
236,5/4/2025,5/22/2025,,71,0,18,103,117,21,25,32,82
237,7/6/2025,7/23/2025,,82,1,17,100,116,27,30,33,82
238,11/22/2025,12/8/2025,,71,0,16,83,91,19,21,25,51
239,12/15/2025,12/25/2025,,67,1,10,69,82,20,22,28,64
240,9/16/2025,9/29/2025,,67,1,13,48,55,15,17,22,43
241,5/28/2025,6/10/2025,,65,1,13,63,77,22,22,31,71
242,9/9/2025,9/21/2025,,46,1,12,68,75,16,19,35,68
243,12/12/2025,12/25/2025,,80,1,13,50,54,26,28,25,38
244,5/27/2025,6/9/2025,,60,0,13,39,54,20,21,19,65
245,5/28/2025,6/10/2025,,84,0,13,61,68,12,13,25,55
246,12/18/2025,1/2/2026,,59,0,15,50,57,15,18,29,59
247,7/18/2025,8/6/2025,,71,0,19,86,93,18,20,34,63
248,11/4/2025,11/20/2025,,57,1,16,84,98,17,19,33,68
249,5/8/2025,5/25/2025,,72,1,17,82,98,23,27,27,76
250,2/8/2025,2/23/2025,,71,1,15,99,110,25,27,48,81
251,12/4/2025,12/16/2025,,91,1,12,80,93,26,28,35,73
252,12/26/2025,1/3/2026,,76,0,8,27,35,23,24,20,37
253,5/9/2025,5/26/2025,,90,0,17,73,87,25,27,31,70
254,9/24/2025,10/5/2025,,80,0,11,66,78,27,29,33,69
255,5/31/2025,6/16/2025,,65,0,16,72,80,12,16,26,51
256,10/25/2025,11/18/2025,,63,0,24,80,85,21,23,17,39
257,4/9/2025,4/22/2025,,54,0,13,54,66,19,19,31,73
258,9/20/2025,10/2/2025,,77,0,12,66,77,22,25,33,65
259,9/9/2025,9/28/2025,,77,1,19,56,57,14,16,29,17
260,5/24/2025,6/6/2025,,63,0,13,61,75,24,25,27,75
261,12/12/2025,12/27/2025,,81,0,15,57,59,21,21,27,16
262,4/22/2025,5/6/2025,,69,0,14,43,45,18,18,29,35
263,3/1/2025,3/10/2025,,56,0,9,83,95,20,22,46,86
264,1/2/2025,1/20/2025,,53,1,18,56,61,18,22,26,28
265,10/31/2025,11/20/2025,,81,1,20,75,83,16,20,32,56
266,9/11/2025,9/28/2025,,73,0,17,90,100,25,28,42,80
267,5/20/2025,6/3/2025,,80,0,14,100,110,18,21,29,70
268,2/6/2025,2/27/2025,,58,1,21,79,96,19,23,28,87
269,6/9/2025,6/29/2025,,72,0,20,59,63,25,29,15,34
270,1/9/2025,1/24/2025,,95,0,15,87,96,16,19,34,66
271,8/21/2025,9/3/2025,,55,1,13,43,51,20,23,15,36
272,4/9/2025,4/20/2025,Mild cognitive deficits persisted at discharge,74,1,11,89,100,24,24,36,74
273,5/27/2025,6/20/2025,,73,0,24,75,79,20,24,17,41
274,10/31/2025,11/11/2025,,70,0,11,44,47,13,13,22,19
275,7/27/2025,8/13/2025,,84,1,17,72,78,19,23,33,51
276,5/11/2025,5/28/2025,,84,1,17,44,45,14,17,20,22
277,6/1/2025,6/24/2025,,80,0,23,124,138,22,24,50,89
278,2/23/2025,3/11/2025,,78,0,16,82,89,21,22,31,62
279,4/30/2025,5/13/2025,,76,0,13,114,125,18,21,53,89
280,6/10/2025,6/23/2025,,59,0,13,60,70,16,18,30,67
281,4/26/2025,5/10/2025,,66,1,14,45,48,26,27,21,18
282,3/16/2025,3/31/2025,,65,1,15,86,96,27,27,37,74
283,4/23/2025,5/9/2025,,85,1,16,42,53,22,24,22,53
284,4/14/2025,4/27/2025,,71,0,13,71,84,27,29,27,70
285,12/6/2025,12/23/2025,,63,1,17,69,76,25,26,16,42
286,9/11/2025,9/21/2025,,64,1,10,30,44,16,17,15,50
287,8/15/2025,8/28/2025,,73,1,13,95,109,20,23,41,85
288,4/22/2025,5/12/2025,,91,0,20,70,76,20,21,20,38
289,4/9/2025,4/20/2025,,89,1,11,50,58,28,29,32,47
290,6/2/2025,6/20/2025,,58,0,18,61,78,24,27,19,70
291,12/15/2025,12/27/2025,,68,1,12,73,81,24,26,46,70
292,12/4/2025,12/24/2025,,64,1,20,73,84,17,18,31,58
293,7/13/2025,7/31/2025,,57,0,18,85,96,14,16,35,74
294,11/6/2025,11/20/2025,,85,1,14,80,91,21,21,32,74
295,6/12/2025,6/29/2025,,99,1,17,83,92,13,14,31,59
296,7/27/2025,8/10/2025,,62,1,14,65,66,26,27,30,38
297,6/18/2025,6/24/2025,,91,0,6,48,56,23,24,34,53
298,6/10/2025,7/7/2025,,62,1,27,57,58,27,30,26,38
299,3/9/2025,3/25/2025,,67,0,16,51,64,28,30,18,72
300,10/16/2025,11/1/2025,,79,1,16,54,63,26,29,26,56
301,10/4/2025,10/22/2025,,69,0,18,34,51,18,19,17,64
302,10/31/2025,11/15/2025,,62,0,15,54,62,21,21,28,43
303,5/15/2025,5/31/2025,,69,1,16,82,89,19,22,31,47
304,7/14/2025,7/29/2025,,48,0,15,59,69,21,22,19,62
305,5/8/2025,5/25/2025,,75,0,17,63,67,20,23,17,35
306,2/2/2025,2/14/2025,,48,0,12,82,87,17,19,40,61
307,6/25/2025,7/3/2025,,51,1,8,63,79,21,24,26,77
308,1/22/2025,2/5/2025,,55,1,14,78,89,23,25,35,80
309,8/26/2025,9/15/2025,,64,0,20,33,35,18,19,15,18
310,6/7/2025,6/23/2025,,74,0,16,62,73,13,16,24,64
311,2/7/2025,2/21/2025,,67,1,14,68,83,20,20,29,79
312,8/18/2025,9/1/2025,,36,0,14,45,54,19,19,29,61
313,12/31/2025,1/21/2026,,47,1,21,87,101,21,22,37,89
314,2/20/2025,3/15/2025,,56,1,23,65,78,25,27,26,69
315,9/21/2025,10/2/2025,,69,0,11,81,91,12,15,41,81
316,10/10/2025,10/23/2025,,70,0,13,68,72,18,18,41,47
317,1/27/2025,2/10/2025,,86,1,14,81,95,25,25,43,87
318,8/14/2025,8/30/2025,Vestibular symptoms resolved during stay,59,1,16,85,91,15,17,31,56
319,10/4/2025,10/16/2025,,64,0,12,54,58,13,13,25,41
320,10/13/2025,10/30/2025,,74,1,17,57,67,16,19,22,61
321,4/7/2025,4/24/2025,,72,0,17,91,105,23,26,39,76
322,10/11/2025,10/23/2025,,52,0,12,59,70,11,14,25,57
323,11/13/2025,11/19/2025,Caregiver support available at home,39,0,6,64,75,17,17,33,69
324,10/31/2025,11/14/2025,,54,0,14,22,25,17,18,15,21
325,5/27/2025,6/3/2025,,65,0,7,78,87,17,19,51,85
326,1/4/2025,1/17/2025,,50,0,13,68,81,21,22,38,82
327,2/4/2025,2/25/2025,,77,1,21,88,102,20,22,32,79
328,7/11/2025,7/27/2025,Met all primary rehabilitation goals,53,0,16,89,100,23,26,46,84
329,2/18/2025,3/9/2025,,62,1,19,37,39,15,17,15,18
330,1/17/2025,2/9/2025,,63,0,23,64,75,18,21,20,63
331,6/21/2025,7/12/2025,,97,0,21,78,87,24,26,21,52
332,8/8/2025,8/21/2025,,79,0,13,113,128,15,17,40,86
333,6/7/2025,6/22/2025,,77,1,15,83,91,18,18,35,63
334,2/15/2025,3/1/2025,,68,1,14,73,89,27,30,27,76
335,1/6/2025,1/20/2025,Required rolling walker at discharge,77,1,14,31,32,19,21,15,16
336,4/9/2025,4/24/2025,,62,1,15,104,114,18,20,42,83
337,8/21/2025,9/10/2025,,93,0,20,57,70,21,25,15,54
338,2/6/2025,2/25/2025,,86,0,19,81,86,15,18,27,52
339,10/7/2025,10/24/2025,,53,0,17,36,45,21,24,19,50
340,12/15/2025,1/6/2026,,55,0,22,68,84,22,24,25,82
341,10/29/2025,11/15/2025,,75,0,17,62,70,23,27,30,48
342,6/30/2025,7/21/2025,,63,0,21,69,77,16,17,21,37
343,4/5/2025,4/23/2025,,64,0,18,50,54,22,25,26,27
344,4/9/2025,4/26/2025,,73,0,17,43,45,20,24,15,21
345,7/7/2025,7/24/2025,Awaited home safety modifications,67,0,17,78,79,13,15,24,23
346,4/26/2025,5/13/2025,,67,1,17,63,68,21,22,22,42
347,7/10/2025,7/24/2025,,74,1,14,78,88,15,18,37,72
348,9/10/2025,9/26/2025,,76,0,16,74,87,18,19,35,75
349,6/10/2025,6/29/2025,,80,0,19,90,100,12,13,32,65
350,9/13/2025,9/26/2025,,92,0,13,43,48,24,24,33,43
351,11/19/2025,12/9/2025,,70,0,20,93,101,26,29,39,71
352,5/8/2025,5/22/2025,,79,1,14,52,57,14,16,18,28
353,1/18/2025,2/5/2025,,80,0,18,30,38,14,16,15,46
354,10/8/2025,10/25/2025,,67,1,17,56,73,17,19,23,70
355,8/11/2025,8/26/2025,,57,0,15,43,55,15,18,28,66
356,2/23/2025,3/11/2025,,69,0,16,61,64,16,18,29,43
357,2/27/2025,3/13/2025,,55,1,14,53,59,18,18,40,64
358,11/19/2025,12/2/2025,,51,0,13,116,128,18,18,48,89
359,12/26/2025,1/12/2026,,77,1,17,89,102,13,16,33,84
360,6/23/2025,7/6/2025,,75,1,13,84,99,26,26,31,77
361,10/7/2025,10/17/2025,,57,0,10,107,117,20,23,54,81
362,4/24/2025,5/8/2025,,84,1,14,68,81,17,17,29,66
363,10/15/2025,10/29/2025,,59,1,14,90,97,22,22,51,82
364,12/8/2025,12/21/2025,,81,1,13,79,91,30,30,33,72
365,5/31/2025,6/15/2025,,76,0,15,58,61,17,18,23,20
366,5/7/2025,5/17/2025,,74,1,10,37,46,17,18,30,58
367,6/4/2025,6/29/2025,,55,0,25,62,73,21,25,16,48
368,9/30/2025,10/15/2025,,71,0,15,76,81,22,24,31,56
369,4/14/2025,4/27/2025,,49,0,13,49,57,18,18,28,46
370,10/26/2025,11/7/2025,,46,0,12,49,57,20,23,16,43
371,9/3/2025,9/21/2025,,51,0,18,46,52,26,27,17,35
372,6/25/2025,7/11/2025,,48,1,16,76,82,16,19,30,55
373,2/8/2025,2/28/2025,,50,1,20,78,92,23,24,30,69
374,6/19/2025,7/1/2025,,63,1,12,80,88,19,22,44,61
375,9/4/2025,9/19/2025,,95,0,15,74,82,16,16,29,62
376,1/26/2025,2/5/2025,,68,1,10,99,115,20,21,42,89
377,12/21/2025,1/7/2026,,95,1,17,72,74,22,25,31,35
378,11/2/2025,11/12/2025,,61,1,10,29,37,16,18,26,51
379,1/13/2025,2/3/2025,,70,0,21,56,67,19,22,22,51
380,11/12/2025,12/5/2025,,75,0,23,48,49,14,18,15,15
381,11/9/2025,11/24/2025,,60,0,15,65,70,18,20,15,24
382,2/5/2025,2/22/2025,,58,1,17,48,55,13,15,15,45
383,6/22/2025,7/12/2025,,58,0,20,100,113,16,20,32,75
384,1/20/2025,1/31/2025,,81,0,11,82,93,23,24,33,70
385,11/17/2025,12/1/2025,,47,1,14,48,65,16,16,20,76
386,9/21/2025,10/4/2025,,87,1,13,77,87,22,22,25,67
387,5/22/2025,6/2/2025,,70,0,11,68,79,25,25,32,76
388,5/23/2025,6/2/2025,,66,1,10,99,113,25,25,47,84
389,4/2/2025,4/15/2025,,86,0,13,54,57,14,15,28,42
390,12/20/2025,1/3/2026,,64,1,14,33,34,23,26,15,24
391,11/18/2025,12/1/2025,,64,1,13,43,54,24,27,28,69
392,10/15/2025,11/1/2025,,63,0,17,70,74,21,24,38,61
393,8/3/2025,8/26/2025,,65,1,23,46,50,20,22,15,40
394,12/8/2025,12/23/2025,Home exercise program reviewed,83,0,15,48,54,25,25,20,45
395,2/20/2025,3/4/2025,,52,0,12,107,121,23,24,50,85
396,6/2/2025,6/16/2025,,76,1,14,62,72,21,23,21,58
397,7/5/2025,7/19/2025,,73,0,14,79,90,20,22,25,62
398,3/4/2025,3/21/2025,,78,0,17,38,42,17,19,16,21
399,7/9/2025,7/21/2025,,61,0,12,49,50,19,20,30,39
400,5/5/2025,5/20/2025,,72,0,15,66,76,14,15,24,69
401,5/30/2025,6/8/2025,,84,0,9,93,108,17,20,33,81
402,11/10/2025,11/23/2025,,56,1,13,72,83,17,17,32,65
403,2/27/2025,3/14/2025,,58,0,15,27,40,11,12,15,52
404,12/8/2025,12/21/2025,,67,1,13,82,93,18,19,38,81
405,11/1/2025,11/17/2025,,65,0,16,50,60,24,26,31,57
406,6/29/2025,7/9/2025,,81,0,10,81,92,22,24,43,84
407,6/19/2025,7/3/2025,,54,1,14,78,95,25,27,40,86
408,11/22/2025,12/7/2025,,87,0,15,118,129,19,22,44,84
409,9/28/2025,10/12/2025,,50,1,14,71,83,16,16,35,74
410,2/23/2025,3/7/2025,,83,0,12,72,81,13,16,26,56
411,4/11/2025,4/25/2025,,75,0,14,61,70,12,12,24,52
412,9/21/2025,10/5/2025,,74,1,14,61,70,16,18,23,49
413,2/22/2025,3/1/2025,,60,0,7,64,74,23,25,17,43
414,3/1/2025,3/15/2025,,75,0,14,67,75,20,22,28,52
415,4/18/2025,5/2/2025,,82,1,14,73,87,20,23,38,84
416,1/5/2025,1/20/2025,,79,1,15,55,57,19,20,21,21
417,4/13/2025,4/25/2025,,74,0,12,88,94,16,17,51,73
418,7/15/2025,8/1/2025,,55,0,17,29,32,10,13,15,18
419,9/19/2025,10/5/2025,,87,1,16,55,65,16,18,29,70
420,12/31/2025,1/18/2026,,85,0,18,36,41,19,21,15,19
421,12/16/2025,1/1/2026,,94,0,16,46,53,23,27,18,39
422,2/16/2025,3/6/2025,,81,0,18,62,67,12,13,15,32
423,12/21/2025,1/9/2026,,96,0,19,84,91,24,27,24,55
424,11/7/2025,11/26/2025,,78,0,19,77,81,18,21,19,41
425,11/4/2025,11/19/2025,,72,0,15,76,87,19,22,30,71
426,5/24/2025,6/11/2025,,56,0,18,57,61,21,25,23,37
427,9/26/2025,10/9/2025,,71,0,13,62,63,13,14,25,32
428,5/4/2025,5/17/2025,,63,0,13,56,66,22,24,25,62
429,4/16/2025,5/2/2025,,77,1,16,59,67,19,20,22,47
430,6/7/2025,6/15/2025,,80,0,8,84,97,16,19,31,66
431,5/27/2025,6/8/2025,,54,0,12,77,87,14,14,33,71
432,5/25/2025,6/7/2025,,71,0,13,27,40,21,21,16,56
433,4/30/2025,5/20/2025,,76,0,20,90,101,23,26,37,79
434,11/15/2025,11/29/2025,,75,1,14,85,91,15,17,33,54
435,10/2/2025,10/18/2025,,70,1,16,79,86,19,23,31,63
436,4/2/2025,4/13/2025,,66,1,11,58,72,19,21,28,63
437,2/27/2025,3/18/2025,Additional speech therapy recommended,82,1,19,93,107,27,30,35,85
438,12/12/2025,12/23/2025,,59,0,11,88,101,27,29,40,84
439,8/17/2025,8/31/2025,,64,1,14,83,91,19,19,35,62
440,4/27/2025,5/20/2025,,89,0,23,64,74,21,25,17,60
441,11/14/2025,12/5/2025,,74,1,21,115,125,21,23,52,84
442,10/6/2025,10/19/2025,,78,0,13,80,92,23,23,29,69
443,5/7/2025,5/19/2025,,90,0,12,46,57,22,24,19,60
444,5/9/2025,5/28/2025,,78,0,19,59,60,27,28,16,21
445,2/27/2025,3/15/2025,,67,0,16,76,81,23,26,31,43
446,5/2/2025,5/13/2025,,72,0,11,75,82,20,22,47,62
447,1/1/2025,1/10/2025,,62,0,9,62,70,17,17,28,60
448,8/27/2025,9/10/2025,,82,1,14,66,71,13,16,31,53
449,10/17/2025,11/6/2025,Early discharge due to rapid functional gains,64,1,20,63,72,24,27,21,49
450,4/6/2025,4/24/2025,,56,0,18,64,67,18,22,20,21
451,5/6/2025,5/16/2025,,74,1,10,80,94,21,22,34,78
452,4/28/2025,5/16/2025,,66,1,18,72,77,21,24,36,47
453,2/17/2025,3/13/2025,,58,1,24,71,81,19,23,15,59
